,Data,BibliotecaRichiedente,BibliotecaPrestante,NumeroLibri
0,1-1-2019,RMBR1 - BIBLIOTECA COLLI PORTUENSI,RMBQ2 - BIBLIOTECA RENATO NICOLINI,4
0,1-1-2020,RMBQ2 - BIBLIOTECA RENATO NICOLINI,RMBU2 - BIBLIOTECA CASA DEL PARCO,8
0,1-1-2021,RMBH3 - COLLINA DELLA PACE,RMBWG - B. COSTANZO LICEO GIULIO CESARE,3
0,1-2-2019,RMBL1 - BIBLIOTECA RAFFAELLO,RMBA3 - BIBLIOTECA ENZO TORTORA,6
0,1-2-2020,RMBQ3 - BIBLIOPORTO,RMBL3 - BIBLIOTECA CASA DEI BIMBI,2
0,1-2-2021,RMBT1 - BIBLIOTECA VALLE AURELIA,RMBQ3 - BIBLIOPORTO,3
0,1-3-2019,RMBG1 - BIBLIOTECA GIANNI RODARI,RMBWG - B. COSTANZO LICEO GIULIO CESARE,9
0,1-3-2020,RMBR1 - BIBLIOTECA COLLI PORTUENSI,RMBA3 - BIBLIOTECA ENZO TORTORA,2
0,1-3-2021,RMBB1 - BIBLIOTECA VILLA LEOPARDI,RMBA1 - BIBLIOTECA EUROPEA,6
0,1-4-2019,RMBI1 - BIBLIOTECA NELSON MANDELA,RMBL3 - BIBLIOTECA CASA DEI BIMBI,1
0,1-4-2020,RMBI1 - BIBLIOTECA NELSON MANDELA,RMBT2 - BIBLIOTECA CORNELIA,9
0,1-4-2021,RMBD1 - BIBLIOTECA ENNIO FLAIANO,RMBB1 - BIBLIOTECA VILLA LEOPARDI,4
0,1-5-2019,RMBG1 - BIBLIOTECA GIANNI RODARI,RMBQ2 - BIBLIOTECA RENATO NICOLINI,5
0,1-5-2020,RMBR1 - BIBLIOTECA COLLI PORTUENSI,RMBA1 - BIBLIOTECA EUROPEA,3
0,1-5-2021,RMBT2 - BIBLIOTECA CORNELIA,RMBWG - B. COSTANZO LICEO GIULIO CESARE,5
0,1-6-2019,RMBM1 - BIBLIOTECA ARCIPELAGO AUDITORIUM,RMBH2 - BIBLIOTECA BORGHESIANA,9
0,1-6-2020,RMBQ2 - BIBLIOTECA RENATO NICOLINI,RMBF1 - BIBLIOTECA GOFFREDO MAMELI,7
0,1-6-2021,RMBL1 - BIBLIOTECA RAFFAELLO,RMBI1 - BIBLIOTECA NELSON MANDELA,9
0,1-7-2019,RMBO1 - BIBLIOTECA SANDRO ONOFRI,RMBQ3 - BIBLIOPORTO,6
0,1-7-2020,RMBN1 - BIBLIOTECA PIER PAOLO PASOLINI,RMBE1 - BIBLIOTECA VACCHERIA NARDI,3
0,1-7-2021,RMBWG - B. COSTANZO LICEO GIULIO CESARE,RMBM1 - BIBLIOTECA ARCIPELAGO AUDITORIUM,3
0,1-8-2019,RMBM1 - BIBLIOTECA ARCIPELAGO AUDITORIUM,RMBQ1 - BIBLIOTECA GUGLIELMO MARCONI,1
0,1-8-2020,RMBN2 - BIBLIOTECA LAURENTINA,RMBA3 - BIBLIOTECA ENZO TORTORA,3
0,1-8-2021,RMBO1 - BIBLIOTECA SANDRO ONOFRI,RMBQ2 - BIBLIOTECA RENATO NICOLINI,6
0,1-9-2019,RMBQ3 - BIBLIOPORTO,RMBS1 - BIBLIOTECA GIORDANO BRUNO,3
0,1-9-2020,RMBQ1 - BIBLIOTECA GUGLIELMO MARCONI,RMBU1 - BIBLIOTECA FRANCO BASAGLIA,7
0,1-9-2021,RMBL1 - BIBLIOTECA RAFFAELLO,RMBU2 - BIBLIOTECA CASA DEL PARCO,9
0,1-10-2019,RMBH2 - BIBLIOTECA BORGHESIANA,RMBE2 - BIBLIOTECA ALDO FABRIZI,8
0,1-10-2020,RMBQ2 - BIBLIOTECA RENATO NICOLINI,RMBM1 - BIBLIOTECA ARCIPELAGO AUDITORIUM,6
0,1-10-2021,RMBU1 - BIBLIOTECA FRANCO BASAGLIA,RMBN1 - BIBLIOTECA PIER PAOLO PASOLINI,6
0,1-11-2019,RMBC1 - BIBLIOTECA TULLIO DE MAURO,RMBQ1 - BIBLIOTECA GUGLIELMO MARCONI,5
0,1-11-2020,RMBT1 - BIBLIOTECA VALLE AURELIA,RMBH2 - BIBLIOTECA BORGHESIANA,7
0,1-11-2021,RMBA3 - BIBLIOTECA ENZO TORTORA,RMBT1 - BIBLIOTECA VALLE AURELIA,8
0,1-12-2019,RMBQ2 - BIBLIOTECA RENATO NICOLINI,RMBU1 - BIBLIOTECA FRANCO BASAGLIA,1
0,1-12-2020,RMBI1 - BIBLIOTECA NELSON MANDELA,RMBH3 - COLLINA DELLA PACE,3
0,1-12-2021,RMBO1 - BIBLIOTECA SANDRO ONOFRI,RMBB1 - BIBLIOTECA VILLA LEOPARDI,2
0,2-1-2019,RMBT1 - BIBLIOTECA VALLE AURELIA,RMBE1 - BIBLIOTECA VACCHERIA NARDI,8
0,2-1-2020,RMBI1 - BIBLIOTECA NELSON MANDELA,RMBL1 - BIBLIOTECA RAFFAELLO,6
0,2-1-2021,RMBM1 - BIBLIOTECA ARCIPELAGO AUDITORIUM,RMBA1 - BIBLIOTECA EUROPEA,7
0,2-2-2019,RMBH2 - BIBLIOTECA BORGHESIANA,RMBU2 - BIBLIOTECA CASA DEL PARCO,9
0,2-2-2020,RMBO2 - BIBLIOTECA ELSA MORANTE,RMBF2 - BIBLIOTECA PENAZZATO,2
0,2-2-2021,RMBD1 - BIBLIOTECA ENNIO FLAIANO,RMBWA - BIBLIOTECA FABRIZIO GIOVENALE,9
0,2-3-2019,RMBL1 - BIBLIOTECA RAFFAELLO,RMBE2 - BIBLIOTECA ALDO FABRIZI,9
0,2-3-2020,RMBN2 - BIBLIOTECA LAURENTINA,RMBC1 - BIBLIOTECA TULLIO DE MAURO,4
0,2-3-2021,RMBC1 - BIBLIOTECA TULLIO DE MAURO,RMBF1 - BIBLIOTECA GOFFREDO MAMELI,3
0,2-4-2019,RMBD1 - BIBLIOTECA ENNIO FLAIANO,RMBL3 - BIBLIOTECA CASA DEI BIMBI,1
0,2-4-2020,RMBM1 - BIBLIOTECA ARCIPELAGO AUDITORIUM,RMBE1 - BIBLIOTECA VACCHERIA NARDI,4
0,2-4-2021,RMBWG - B. COSTANZO LICEO GIULIO CESARE,RMBQ1 - BIBLIOTECA GUGLIELMO MARCONI,4
0,2-5-2019,RMBQ1 - BIBLIOTECA GUGLIELMO MARCONI,RMBH2 - BIBLIOTECA BORGHESIANA,9
0,2-5-2020,RMBT1 - BIBLIOTECA VALLE AURELIA,RMBC1 - BIBLIOTECA TULLIO DE MAURO,9
0,2-5-2021,RMBB3 - BIBLIOTECA FLAMINIA,RMBM1 - BIBLIOTECA ARCIPELAGO AUDITORIUM,2
0,2-6-2019,RMBH1 - BIBLIOTECA RUGANTINO,RMBL3 - BIBLIOTECA CASA DEI BIMBI,2
0,2-6-2020,RMBO1 - BIBLIOTECA SANDRO ONOFRI,RMBA3 - BIBLIOTECA ENZO TORTORA,1
0,2-6-2021,RMBH3 - COLLINA DELLA PACE,RMBG1 - BIBLIOTECA GIANNI RODARI,4
0,2-7-2019,RMBF1 - BIBLIOTECA GOFFREDO MAMELI,RMBN2 - BIBLIOTECA LAURENTINA,4
0,2-7-2020,RMBO2 - BIBLIOTECA ELSA MORANTE,RMBQ2 - BIBLIOTECA RENATO NICOLINI,2
0,2-7-2021,RMBE2 - BIBLIOTECA ALDO FABRIZI,RMBF2 - BIBLIOTECA PENAZZATO,2
0,2-8-2019,RMBO2 - BIBLIOTECA ELSA MORANTE,RMBWA - BIBLIOTECA FABRIZIO GIOVENALE,1
0,2-8-2020,RMBF1 - BIBLIOTECA GOFFREDO MAMELI,RMBN1 - BIBLIOTECA PIER PAOLO PASOLINI,2
0,2-8-2021,RMBA1 - BIBLIOTECA EUROPEA,RMBN1 - BIBLIOTECA PIER PAOLO PASOLINI,3
0,2-9-2019,RMBB3 - BIBLIOTECA FLAMINIA,RMBC1 - BIBLIOTECA TULLIO DE MAURO,5
0,2-9-2020,RMBR1 - BIBLIOTECA COLLI PORTUENSI,RMBC1 - BIBLIOTECA TULLIO DE MAURO,8
0,2-9-2021,RMBU2 - BIBLIOTECA CASA DEL PARCO,RMBE2 - BIBLIOTECA ALDO FABRIZI,1
0,2-10-2019,RMBO2 - BIBLIOTECA ELSA MORANTE,RMBQ1 - BIBLIOTECA GUGLIELMO MARCONI,5
0,2-10-2020,RMBU1 - BIBLIOTECA FRANCO BASAGLIA,RMBB1 - BIBLIOTECA VILLA LEOPARDI,7
0,2-10-2021,RMBM1 - BIBLIOTECA ARCIPELAGO AUDITORIUM,RMBT1 - BIBLIOTECA VALLE AURELIA,6
0,2-11-2019,RMBG1 - BIBLIOTECA GIANNI RODARI,RMBA3 - BIBLIOTECA ENZO TORTORA,7
0,2-11-2020,RMBT1 - BIBLIOTECA VALLE AURELIA,RMBR1 - BIBLIOTECA COLLI PORTUENSI,5
0,2-11-2021,RMBL3 - BIBLIOTECA CASA DEI BIMBI,RMBH1 - BIBLIOTECA RUGANTINO,1
0,2-12-2019,RMBWA - BIBLIOTECA FABRIZIO GIOVENALE,RMBH3 - COLLINA DELLA PACE,3
0,2-12-2020,RMBH1 - BIBLIOTECA RUGANTINO,RMBL1 - BIBLIOTECA RAFFAELLO,6
0,2-12-2021,RMBI1 - BIBLIOTECA NELSON MANDELA,RMBA1 - BIBLIOTECA EUROPEA,4
0,3-1-2019,RMBT1 - BIBLIOTECA VALLE AURELIA,RMBA3 - BIBLIOTECA ENZO TORTORA,1
0,3-1-2020,RMBQ1 - BIBLIOTECA GUGLIELMO MARCONI,RMBS1 - BIBLIOTECA GIORDANO BRUNO,4
0,3-1-2021,RMBO1 - BIBLIOTECA SANDRO ONOFRI,RMBO2 - BIBLIOTECA ELSA MORANTE,6
0,3-2-2019,RMBH2 - BIBLIOTECA BORGHESIANA,RMBT1 - BIBLIOTECA VALLE AURELIA,8
0,3-2-2020,RMBO2 - BIBLIOTECA ELSA MORANTE,RMBR1 - BIBLIOTECA COLLI PORTUENSI,2
0,3-2-2021,RMBF2 - BIBLIOTECA PENAZZATO,RMBD1 - BIBLIOTECA ENNIO FLAIANO,8
0,3-3-2019,RMBL3 - BIBLIOTECA CASA DEI BIMBI,RMBM1 - BIBLIOTECA ARCIPELAGO AUDITORIUM,4
0,3-3-2020,RMBQ1 - BIBLIOTECA GUGLIELMO MARCONI,RMBS1 - BIBLIOTECA GIORDANO BRUNO,6
0,3-3-2021,RMBQ1 - BIBLIOTECA GUGLIELMO MARCONI,RMBWG - B. COSTANZO LICEO GIULIO CESARE,8
0,3-4-2019,RMBH2 - BIBLIOTECA BORGHESIANA,RMBL1 - BIBLIOTECA RAFFAELLO,7
0,3-4-2020,RMBC1 - BIBLIOTECA TULLIO DE MAURO,RMBO1 - BIBLIOTECA SANDRO ONOFRI,9
0,3-4-2021,RMBQ3 - BIBLIOPORTO,RMBA1 - BIBLIOTECA EUROPEA,1
0,3-5-2019,RMBU2 - BIBLIOTECA CASA DEL PARCO,RMBA1 - BIBLIOTECA EUROPEA,9
0,3-5-2020,RMBL3 - BIBLIOTECA CASA DEI BIMBI,RMBQ3 - BIBLIOPORTO,6
0,3-5-2021,RMBH2 - BIBLIOTECA BORGHESIANA,RMBS1 - BIBLIOTECA GIORDANO BRUNO,4
0,3-6-2019,RMBE2 - BIBLIOTECA ALDO FABRIZI,RMBR1 - BIBLIOTECA COLLI PORTUENSI,2
0,3-6-2020,RMBI1 - BIBLIOTECA NELSON MANDELA,RMBL3 - BIBLIOTECA CASA DEI BIMBI,2
0,3-6-2021,RMBS1 - BIBLIOTECA GIORDANO BRUNO,RMBI1 - BIBLIOTECA NELSON MANDELA,6
0,3-7-2019,RMBQ2 - BIBLIOTECA RENATO NICOLINI,RMBU1 - BIBLIOTECA FRANCO BASAGLIA,9
0,3-7-2020,RMBF1 - BIBLIOTECA GOFFREDO MAMELI,RMBA3 - BIBLIOTECA ENZO TORTORA,9
0,3-7-2021,RMBM1 - BIBLIOTECA ARCIPELAGO AUDITORIUM,RMBN2 - BIBLIOTECA LAURENTINA,4
0,3-8-2019,RMBQ2 - BIBLIOTECA RENATO NICOLINI,RMBO2 - BIBLIOTECA ELSA MORANTE,2
0,3-8-2020,RMBE1 - BIBLIOTECA VACCHERIA NARDI,RMBL3 - BIBLIOTECA CASA DEI BIMBI,3
0,3-8-2021,RMBQ3 - BIBLIOPORTO,RMBH1 - BIBLIOTECA RUGANTINO,4
0,3-9-2019,RMBS1 - BIBLIOTECA GIORDANO BRUNO,RMBQ3 - BIBLIOPORTO,5
0,3-9-2020,RMBE1 - BIBLIOTECA VACCHERIA NARDI,RMBQ1 - BIBLIOTECA GUGLIELMO MARCONI,1
0,3-9-2021,RMBE1 - BIBLIOTECA VACCHERIA NARDI,RMBL3 - BIBLIOTECA CASA DEI BIMBI,6
0,3-10-2019,RMBD1 - BIBLIOTECA ENNIO FLAIANO,RMBB1 - BIBLIOTECA VILLA LEOPARDI,1
0,3-10-2020,RMBT2 - BIBLIOTECA CORNELIA,RMBQ1 - BIBLIOTECA GUGLIELMO MARCONI,4
0,3-10-2021,RMBE1 - BIBLIOTECA VACCHERIA NARDI,RMBS1 - BIBLIOTECA GIORDANO BRUNO,9
0,3-11-2019,RMBR1 - BIBLIOTECA COLLI PORTUENSI,RMBWA - BIBLIOTECA FABRIZIO GIOVENALE,9
0,3-11-2020,RMBN1 - BIBLIOTECA PIER PAOLO PASOLINI,RMBA1 - BIBLIOTECA EUROPEA,2
0,3-11-2021,RMBF2 - BIBLIOTECA PENAZZATO,RMBG1 - BIBLIOTECA GIANNI RODARI,7
0,3-12-2019,RMBT2 - BIBLIOTECA CORNELIA,RMBU1 - BIBLIOTECA FRANCO BASAGLIA,9
0,3-12-2020,RMBL1 - BIBLIOTECA RAFFAELLO,RMBO1 - BIBLIOTECA SANDRO ONOFRI,5
0,3-12-2021,RMBN1 - BIBLIOTECA PIER PAOLO PASOLINI,RMBL3 - BIBLIOTECA CASA DEI BIMBI,1
0,4-1-2019,RMBM1 - BIBLIOTECA ARCIPELAGO AUDITORIUM,RMBS1 - BIBLIOTECA GIORDANO BRUNO,5
0,4-1-2020,RMBG1 - BIBLIOTECA GIANNI RODARI,RMBR1 - BIBLIOTECA COLLI PORTUENSI,5
0,4-1-2021,RMBL1 - BIBLIOTECA RAFFAELLO,RMBN1 - BIBLIOTECA PIER PAOLO PASOLINI,5
0,4-2-2019,RMBA1 - BIBLIOTECA EUROPEA,RMBA3 - BIBLIOTECA ENZO TORTORA,8
0,4-2-2020,RMBA1 - BIBLIOTECA EUROPEA,RMBN1 - BIBLIOTECA PIER PAOLO PASOLINI,1
0,4-2-2021,RMBT2 - BIBLIOTECA CORNELIA,RMBQ2 - BIBLIOTECA RENATO NICOLINI,5
0,4-3-2019,RMBE2 - BIBLIOTECA ALDO FABRIZI,RMBH1 - BIBLIOTECA RUGANTINO,1
0,4-3-2020,RMBM1 - BIBLIOTECA ARCIPELAGO AUDITORIUM,RMBE2 - BIBLIOTECA ALDO FABRIZI,5
0,4-3-2021,RMBB3 - BIBLIOTECA FLAMINIA,RMBO1 - BIBLIOTECA SANDRO ONOFRI,6
0,4-4-2019,RMBM1 - BIBLIOTECA ARCIPELAGO AUDITORIUM,RMBU2 - BIBLIOTECA CASA DEL PARCO,1
0,4-4-2020,RMBB3 - BIBLIOTECA FLAMINIA,RMBM1 - BIBLIOTECA ARCIPELAGO AUDITORIUM,9
0,4-4-2021,RMBH2 - BIBLIOTECA BORGHESIANA,RMBF1 - BIBLIOTECA GOFFREDO MAMELI,1
0,4-5-2019,RMBH3 - COLLINA DELLA PACE,RMBQ2 - BIBLIOTECA RENATO NICOLINI,3
0,4-5-2020,RMBU1 - BIBLIOTECA FRANCO BASAGLIA,RMBH2 - BIBLIOTECA BORGHESIANA,1
0,4-5-2021,RMBH1 - BIBLIOTECA RUGANTINO,RMBR1 - BIBLIOTECA COLLI PORTUENSI,5
0,4-6-2019,RMBE1 - BIBLIOTECA VACCHERIA NARDI,RMBR1 - BIBLIOTECA COLLI PORTUENSI,4
0,4-6-2020,RMBT1 - BIBLIOTECA VALLE AURELIA,RMBU1 - BIBLIOTECA FRANCO BASAGLIA,1
0,4-6-2021,RMBE2 - BIBLIOTECA ALDO FABRIZI,RMBR1 - BIBLIOTECA COLLI PORTUENSI,9
0,4-7-2019,RMBC1 - BIBLIOTECA TULLIO DE MAURO,RMBA1 - BIBLIOTECA EUROPEA,6
0,4-7-2020,RMBR1 - BIBLIOTECA COLLI PORTUENSI,RMBU1 - BIBLIOTECA FRANCO BASAGLIA,2
0,4-7-2021,RMBF2 - BIBLIOTECA PENAZZATO,RMBS1 - BIBLIOTECA GIORDANO BRUNO,8
0,4-8-2019,RMBH1 - BIBLIOTECA RUGANTINO,RMBQ1 - BIBLIOTECA GUGLIELMO MARCONI,3
0,4-8-2020,RMBG1 - BIBLIOTECA GIANNI RODARI,RMBT1 - BIBLIOTECA VALLE AURELIA,2
0,4-8-2021,RMBO1 - BIBLIOTECA SANDRO ONOFRI,RMBF2 - BIBLIOTECA PENAZZATO,2
0,4-9-2019,RMBA3 - BIBLIOTECA ENZO TORTORA,RMBL3 - BIBLIOTECA CASA DEI BIMBI,1
0,4-9-2020,RMBWG - B. COSTANZO LICEO GIULIO CESARE,RMBA3 - BIBLIOTECA ENZO TORTORA,3
0,4-9-2021,RMBN1 - BIBLIOTECA PIER PAOLO PASOLINI,RMBB1 - BIBLIOTECA VILLA LEOPARDI,7
0,4-10-2019,RMBM1 - BIBLIOTECA ARCIPELAGO AUDITORIUM,RMBO1 - BIBLIOTECA SANDRO ONOFRI,1
0,4-10-2020,RMBN2 - BIBLIOTECA LAURENTINA,RMBU2 - BIBLIOTECA CASA DEL PARCO,3
0,4-10-2021,RMBM1 - BIBLIOTECA ARCIPELAGO AUDITORIUM,RMBE2 - BIBLIOTECA ALDO FABRIZI,2
0,4-11-2019,RMBO1 - BIBLIOTECA SANDRO ONOFRI,RMBC1 - BIBLIOTECA TULLIO DE MAURO,3
0,4-11-2020,RMBE1 - BIBLIOTECA VACCHERIA NARDI,RMBF2 - BIBLIOTECA PENAZZATO,2
0,4-11-2021,RMBO2 - BIBLIOTECA ELSA MORANTE,RMBQ2 - BIBLIOTECA RENATO NICOLINI,2
0,4-12-2019,RMBH1 - BIBLIOTECA RUGANTINO,RMBF1 - BIBLIOTECA GOFFREDO MAMELI,1
0,4-12-2020,RMBB3 - BIBLIOTECA FLAMINIA,RMBQ1 - BIBLIOTECA GUGLIELMO MARCONI,5
0,4-12-2021,RMBT1 - BIBLIOTECA VALLE AURELIA,RMBC1 - BIBLIOTECA TULLIO DE MAURO,9
0,5-1-2019,RMBI1 - BIBLIOTECA NELSON MANDELA,RMBU1 - BIBLIOTECA FRANCO BASAGLIA,2
0,5-1-2020,RMBH1 - BIBLIOTECA RUGANTINO,RMBO1 - BIBLIOTECA SANDRO ONOFRI,2
0,5-1-2021,RMBE1 - BIBLIOTECA VACCHERIA NARDI,RMBD1 - BIBLIOTECA ENNIO FLAIANO,2
0,5-2-2019,RMBC1 - BIBLIOTECA TULLIO DE MAURO,RMBL1 - BIBLIOTECA RAFFAELLO,9
0,5-2-2020,RMBU1 - BIBLIOTECA FRANCO BASAGLIA,RMBC1 - BIBLIOTECA TULLIO DE MAURO,8
0,5-2-2021,RMBM1 - BIBLIOTECA ARCIPELAGO AUDITORIUM,RMBH2 - BIBLIOTECA BORGHESIANA,4
0,5-3-2019,RMBU2 - BIBLIOTECA CASA DEL PARCO,RMBB1 - BIBLIOTECA VILLA LEOPARDI,9
0,5-3-2020,RMBF1 - BIBLIOTECA GOFFREDO MAMELI,RMBM1 - BIBLIOTECA ARCIPELAGO AUDITORIUM,2
0,5-3-2021,RMBM1 - BIBLIOTECA ARCIPELAGO AUDITORIUM,RMBI1 - BIBLIOTECA NELSON MANDELA,8
0,5-4-2019,RMBU2 - BIBLIOTECA CASA DEL PARCO,RMBH3 - COLLINA DELLA PACE,5
0,5-4-2020,RMBF2 - BIBLIOTECA PENAZZATO,RMBU1 - BIBLIOTECA FRANCO BASAGLIA,5
0,5-4-2021,RMBI1 - BIBLIOTECA NELSON MANDELA,RMBB1 - BIBLIOTECA VILLA LEOPARDI,9
0,5-5-2019,RMBO2 - BIBLIOTECA ELSA MORANTE,RMBL1 - BIBLIOTECA RAFFAELLO,4
0,5-5-2020,RMBG1 - BIBLIOTECA GIANNI RODARI,RMBB1 - BIBLIOTECA VILLA LEOPARDI,6
0,5-5-2021,RMBD1 - BIBLIOTECA ENNIO FLAIANO,RMBN1 - BIBLIOTECA PIER PAOLO PASOLINI,5
0,5-6-2019,RMBL1 - BIBLIOTECA RAFFAELLO,RMBO1 - BIBLIOTECA SANDRO ONOFRI,8
0,5-6-2020,RMBT1 - BIBLIOTECA VALLE AURELIA,RMBA3 - BIBLIOTECA ENZO TORTORA,1
0,5-6-2021,RMBQ2 - BIBLIOTECA RENATO NICOLINI,RMBWA - BIBLIOTECA FABRIZIO GIOVENALE,7
0,5-7-2019,RMBQ2 - BIBLIOTECA RENATO NICOLINI,RMBF1 - BIBLIOTECA GOFFREDO MAMELI,7
0,5-7-2020,RMBWA - BIBLIOTECA FABRIZIO GIOVENALE,RMBA3 - BIBLIOTECA ENZO TORTORA,1
0,5-7-2021,RMBU1 - BIBLIOTECA FRANCO BASAGLIA,RMBF2 - BIBLIOTECA PENAZZATO,8
0,5-8-2019,RMBH1 - BIBLIOTECA RUGANTINO,RMBT1 - BIBLIOTECA VALLE AURELIA,2
0,5-8-2020,RMBO1 - BIBLIOTECA SANDRO ONOFRI,RMBL3 - BIBLIOTECA CASA DEI BIMBI,1
0,5-8-2021,RMBO2 - BIBLIOTECA ELSA MORANTE,RMBB3 - BIBLIOTECA FLAMINIA,6
0,5-9-2019,RMBB3 - BIBLIOTECA FLAMINIA,RMBM1 - BIBLIOTECA ARCIPELAGO AUDITORIUM,3
0,5-9-2020,RMBF1 - BIBLIOTECA GOFFREDO MAMELI,RMBI1 - BIBLIOTECA NELSON MANDELA,4
0,5-9-2021,RMBQ1 - BIBLIOTECA GUGLIELMO MARCONI,RMBT2 - BIBLIOTECA CORNELIA,9
0,5-10-2019,RMBU2 - BIBLIOTECA CASA DEL PARCO,RMBG1 - BIBLIOTECA GIANNI RODARI,9
0,5-10-2020,RMBC1 - BIBLIOTECA TULLIO DE MAURO,RMBH2 - BIBLIOTECA BORGHESIANA,4
0,5-10-2021,RMBH1 - BIBLIOTECA RUGANTINO,RMBA3 - BIBLIOTECA ENZO TORTORA,8
0,5-11-2019,RMBL1 - BIBLIOTECA RAFFAELLO,RMBU1 - BIBLIOTECA FRANCO BASAGLIA,9
0,5-11-2020,RMBU1 - BIBLIOTECA FRANCO BASAGLIA,RMBI1 - BIBLIOTECA NELSON MANDELA,9
0,5-11-2021,RMBH3 - COLLINA DELLA PACE,RMBE2 - BIBLIOTECA ALDO FABRIZI,8
0,5-12-2019,RMBE2 - BIBLIOTECA ALDO FABRIZI,RMBH3 - COLLINA DELLA PACE,2
0,5-12-2020,RMBO2 - BIBLIOTECA ELSA MORANTE,RMBH3 - COLLINA DELLA PACE,9
0,5-12-2021,RMBN2 - BIBLIOTECA LAURENTINA,RMBS1 - BIBLIOTECA GIORDANO BRUNO,7
0,6-1-2019,RMBS1 - BIBLIOTECA GIORDANO BRUNO,RMBE2 - BIBLIOTECA ALDO FABRIZI,1
0,6-1-2020,RMBG1 - BIBLIOTECA GIANNI RODARI,RMBU1 - BIBLIOTECA FRANCO BASAGLIA,3
0,6-1-2021,RMBR1 - BIBLIOTECA COLLI PORTUENSI,RMBA1 - BIBLIOTECA EUROPEA,7
0,6-2-2019,RMBN2 - BIBLIOTECA LAURENTINA,RMBQ1 - BIBLIOTECA GUGLIELMO MARCONI,1
0,6-2-2020,RMBQ2 - BIBLIOTECA RENATO NICOLINI,RMBN2 - BIBLIOTECA LAURENTINA,4
0,6-2-2021,RMBU2 - BIBLIOTECA CASA DEL PARCO,RMBO2 - BIBLIOTECA ELSA MORANTE,8
0,6-3-2019,RMBR1 - BIBLIOTECA COLLI PORTUENSI,RMBN1 - BIBLIOTECA PIER PAOLO PASOLINI,5
0,6-3-2020,RMBO1 - BIBLIOTECA SANDRO ONOFRI,RMBF2 - BIBLIOTECA PENAZZATO,4
0,6-3-2021,RMBH3 - COLLINA DELLA PACE,RMBN1 - BIBLIOTECA PIER PAOLO PASOLINI,4
0,6-4-2019,RMBU1 - BIBLIOTECA FRANCO BASAGLIA,RMBI1 - BIBLIOTECA NELSON MANDELA,5
0,6-4-2020,RMBL3 - BIBLIOTECA CASA DEI BIMBI,RMBH2 - BIBLIOTECA BORGHESIANA,6
0,6-4-2021,RMBL1 - BIBLIOTECA RAFFAELLO,RMBB3 - BIBLIOTECA FLAMINIA,7
0,6-5-2019,RMBS1 - BIBLIOTECA GIORDANO BRUNO,RMBR1 - BIBLIOTECA COLLI PORTUENSI,6
0,6-5-2020,RMBQ2 - BIBLIOTECA RENATO NICOLINI,RMBT2 - BIBLIOTECA CORNELIA,5
0,6-5-2021,RMBWA - BIBLIOTECA FABRIZIO GIOVENALE,RMBL3 - BIBLIOTECA CASA DEI BIMBI,7
0,6-6-2019,RMBQ2 - BIBLIOTECA RENATO NICOLINI,RMBH1 - BIBLIOTECA RUGANTINO,2
0,6-6-2020,RMBB1 - BIBLIOTECA VILLA LEOPARDI,RMBT1 - BIBLIOTECA VALLE AURELIA,8
0,6-6-2021,RMBQ2 - BIBLIOTECA RENATO NICOLINI,RMBG1 - BIBLIOTECA GIANNI RODARI,1
0,6-7-2019,RMBB3 - BIBLIOTECA FLAMINIA,RMBL3 - BIBLIOTECA CASA DEI BIMBI,2
0,6-7-2020,RMBQ3 - BIBLIOPORTO,RMBM1 - BIBLIOTECA ARCIPELAGO AUDITORIUM,9
0,6-7-2021,RMBQ3 - BIBLIOPORTO,RMBQ1 - BIBLIOTECA GUGLIELMO MARCONI,9
0,6-8-2019,RMBWG - B. COSTANZO LICEO GIULIO CESARE,RMBN2 - BIBLIOTECA LAURENTINA,3
0,6-8-2020,RMBB1 - BIBLIOTECA VILLA LEOPARDI,RMBS1 - BIBLIOTECA GIORDANO BRUNO,1
0,6-8-2021,RMBQ1 - BIBLIOTECA GUGLIELMO MARCONI,RMBQ2 - BIBLIOTECA RENATO NICOLINI,5
0,6-9-2019,RMBQ2 - BIBLIOTECA RENATO NICOLINI,RMBC1 - BIBLIOTECA TULLIO DE MAURO,1
0,6-9-2020,RMBWA - BIBLIOTECA FABRIZIO GIOVENALE,RMBN2 - BIBLIOTECA LAURENTINA,1
0,6-9-2021,RMBH2 - BIBLIOTECA BORGHESIANA,RMBF1 - BIBLIOTECA GOFFREDO MAMELI,5
0,6-10-2019,RMBQ2 - BIBLIOTECA RENATO NICOLINI,RMBH3 - COLLINA DELLA PACE,1
0,6-10-2020,RMBE2 - BIBLIOTECA ALDO FABRIZI,RMBU1 - BIBLIOTECA FRANCO BASAGLIA,7
0,6-10-2021,RMBB3 - BIBLIOTECA FLAMINIA,RMBH2 - BIBLIOTECA BORGHESIANA,4
0,6-11-2019,RMBA1 - BIBLIOTECA EUROPEA,RMBN2 - BIBLIOTECA LAURENTINA,8
0,6-11-2020,RMBQ1 - BIBLIOTECA GUGLIELMO MARCONI,RMBG1 - BIBLIOTECA GIANNI RODARI,4
0,6-11-2021,RMBU1 - BIBLIOTECA FRANCO BASAGLIA,RMBE1 - BIBLIOTECA VACCHERIA NARDI,1
0,6-12-2019,RMBT1 - BIBLIOTECA VALLE AURELIA,RMBE1 - BIBLIOTECA VACCHERIA NARDI,7
0,6-12-2020,RMBA1 - BIBLIOTECA EUROPEA,RMBB3 - BIBLIOTECA FLAMINIA,8
0,6-12-2021,RMBA1 - BIBLIOTECA EUROPEA,RMBD1 - BIBLIOTECA ENNIO FLAIANO,5
0,7-1-2019,RMBN1 - BIBLIOTECA PIER PAOLO PASOLINI,RMBG1 - BIBLIOTECA GIANNI RODARI,8
0,7-1-2020,RMBWA - BIBLIOTECA FABRIZIO GIOVENALE,RMBA1 - BIBLIOTECA EUROPEA,5
0,7-1-2021,RMBM1 - BIBLIOTECA ARCIPELAGO AUDITORIUM,RMBH1 - BIBLIOTECA RUGANTINO,4
0,7-2-2019,RMBWA - BIBLIOTECA FABRIZIO GIOVENALE,RMBU1 - BIBLIOTECA FRANCO BASAGLIA,3
0,7-2-2020,RMBN1 - BIBLIOTECA PIER PAOLO PASOLINI,RMBU2 - BIBLIOTECA CASA DEL PARCO,6
0,7-2-2021,RMBH2 - BIBLIOTECA BORGHESIANA,RMBQ3 - BIBLIOPORTO,6
0,7-3-2019,RMBG1 - BIBLIOTECA GIANNI RODARI,RMBB3 - BIBLIOTECA FLAMINIA,1
0,7-3-2020,RMBU1 - BIBLIOTECA FRANCO BASAGLIA,RMBQ3 - BIBLIOPORTO,5
0,7-3-2021,RMBH3 - COLLINA DELLA PACE,RMBE1 - BIBLIOTECA VACCHERIA NARDI,3
0,7-4-2019,RMBN1 - BIBLIOTECA PIER PAOLO PASOLINI,RMBE2 - BIBLIOTECA ALDO FABRIZI,3
0,7-4-2020,RMBC1 - BIBLIOTECA TULLIO DE MAURO,RMBF2 - BIBLIOTECA PENAZZATO,4
0,7-4-2021,RMBH3 - COLLINA DELLA PACE,RMBF2 - BIBLIOTECA PENAZZATO,9
0,7-5-2019,RMBM1 - BIBLIOTECA ARCIPELAGO AUDITORIUM,RMBWG - B. COSTANZO LICEO GIULIO CESARE,6
0,7-5-2020,RMBQ3 - BIBLIOPORTO,RMBO2 - BIBLIOTECA ELSA MORANTE,3
0,7-5-2021,RMBWA - BIBLIOTECA FABRIZIO GIOVENALE,RMBU2 - BIBLIOTECA CASA DEL PARCO,8
0,7-6-2019,RMBWG - B. COSTANZO LICEO GIULIO CESARE,RMBD1 - BIBLIOTECA ENNIO FLAIANO,7
0,7-6-2020,RMBH1 - BIBLIOTECA RUGANTINO,RMBO2 - BIBLIOTECA ELSA MORANTE,5
0,7-6-2021,RMBG1 - BIBLIOTECA GIANNI RODARI,RMBA1 - BIBLIOTECA EUROPEA,6
0,7-7-2019,RMBL1 - BIBLIOTECA RAFFAELLO,RMBO2 - BIBLIOTECA ELSA MORANTE,8
0,7-7-2020,RMBB1 - BIBLIOTECA VILLA LEOPARDI,RMBF2 - BIBLIOTECA PENAZZATO,2
0,7-7-2021,RMBB3 - BIBLIOTECA FLAMINIA,RMBF1 - BIBLIOTECA GOFFREDO MAMELI,3
0,7-8-2019,RMBD1 - BIBLIOTECA ENNIO FLAIANO,RMBN1 - BIBLIOTECA PIER PAOLO PASOLINI,1
0,7-8-2020,RMBL1 - BIBLIOTECA RAFFAELLO,RMBC1 - BIBLIOTECA TULLIO DE MAURO,7
0,7-8-2021,RMBF1 - BIBLIOTECA GOFFREDO MAMELI,RMBWA - BIBLIOTECA FABRIZIO GIOVENALE,6
0,7-9-2019,RMBM1 - BIBLIOTECA ARCIPELAGO AUDITORIUM,RMBQ3 - BIBLIOPORTO,5
0,7-9-2020,RMBH3 - COLLINA DELLA PACE,RMBA1 - BIBLIOTECA EUROPEA,5
0,7-9-2021,RMBO1 - BIBLIOTECA SANDRO ONOFRI,RMBQ1 - BIBLIOTECA GUGLIELMO MARCONI,9
0,7-10-2019,RMBWG - B. COSTANZO LICEO GIULIO CESARE,RMBR1 - BIBLIOTECA COLLI PORTUENSI,6
0,7-10-2020,RMBL3 - BIBLIOTECA CASA DEI BIMBI,RMBWA - BIBLIOTECA FABRIZIO GIOVENALE,8
0,7-10-2021,RMBT2 - BIBLIOTECA CORNELIA,RMBA3 - BIBLIOTECA ENZO TORTORA,8
0,7-11-2019,RMBA3 - BIBLIOTECA ENZO TORTORA,RMBH3 - COLLINA DELLA PACE,2
0,7-11-2020,RMBA1 - BIBLIOTECA EUROPEA,RMBQ2 - BIBLIOTECA RENATO NICOLINI,6
0,7-11-2021,RMBB3 - BIBLIOTECA FLAMINIA,RMBD1 - BIBLIOTECA ENNIO FLAIANO,3
0,7-12-2019,RMBH1 - BIBLIOTECA RUGANTINO,RMBD1 - BIBLIOTECA ENNIO FLAIANO,7
0,7-12-2020,RMBWG - B. COSTANZO LICEO GIULIO CESARE,RMBWA - BIBLIOTECA FABRIZIO GIOVENALE,9
0,7-12-2021,RMBQ3 - BIBLIOPORTO,RMBR1 - BIBLIOTECA COLLI PORTUENSI,2
0,8-1-2019,RMBA1 - BIBLIOTECA EUROPEA,RMBR1 - BIBLIOTECA COLLI PORTUENSI,1
0,8-1-2020,RMBU1 - BIBLIOTECA FRANCO BASAGLIA,RMBB3 - BIBLIOTECA FLAMINIA,3
0,8-1-2021,RMBB1 - BIBLIOTECA VILLA LEOPARDI,RMBS1 - BIBLIOTECA GIORDANO BRUNO,6
0,8-2-2019,RMBA3 - BIBLIOTECA ENZO TORTORA,RMBWA - BIBLIOTECA FABRIZIO GIOVENALE,7
0,8-2-2020,RMBF1 - BIBLIOTECA GOFFREDO MAMELI,RMBU1 - BIBLIOTECA FRANCO BASAGLIA,7
0,8-2-2021,RMBU1 - BIBLIOTECA FRANCO BASAGLIA,RMBH3 - COLLINA DELLA PACE,9
0,8-3-2019,RMBB1 - BIBLIOTECA VILLA LEOPARDI,RMBN2 - BIBLIOTECA LAURENTINA,9
0,8-3-2020,RMBB1 - BIBLIOTECA VILLA LEOPARDI,RMBN1 - BIBLIOTECA PIER PAOLO PASOLINI,7
0,8-3-2021,RMBH1 - BIBLIOTECA RUGANTINO,RMBF1 - BIBLIOTECA GOFFREDO MAMELI,1
0,8-4-2019,RMBT1 - BIBLIOTECA VALLE AURELIA,RMBO2 - BIBLIOTECA ELSA MORANTE,9
0,8-4-2020,RMBL1 - BIBLIOTECA RAFFAELLO,RMBE2 - BIBLIOTECA ALDO FABRIZI,1
0,8-4-2021,RMBG1 - BIBLIOTECA GIANNI RODARI,RMBA1 - BIBLIOTECA EUROPEA,6
0,8-5-2019,RMBQ1 - BIBLIOTECA GUGLIELMO MARCONI,RMBQ2 - BIBLIOTECA RENATO NICOLINI,8
0,8-5-2020,RMBF1 - BIBLIOTECA GOFFREDO MAMELI,RMBB1 - BIBLIOTECA VILLA LEOPARDI,8
0,8-5-2021,RMBO2 - BIBLIOTECA ELSA MORANTE,RMBQ1 - BIBLIOTECA GUGLIELMO MARCONI,6
0,8-6-2019,RMBF1 - BIBLIOTECA GOFFREDO MAMELI,RMBM1 - BIBLIOTECA ARCIPELAGO AUDITORIUM,9
0,8-6-2020,RMBE1 - BIBLIOTECA VACCHERIA NARDI,RMBB1 - BIBLIOTECA VILLA LEOPARDI,4
0,8-6-2021,RMBN2 - BIBLIOTECA LAURENTINA,RMBQ1 - BIBLIOTECA GUGLIELMO MARCONI,7
0,8-7-2019,RMBE1 - BIBLIOTECA VACCHERIA NARDI,RMBH3 - COLLINA DELLA PACE,6
0,8-7-2020,RMBWG - B. COSTANZO LICEO GIULIO CESARE,RMBL1 - BIBLIOTECA RAFFAELLO,1
0,8-7-2021,RMBL3 - BIBLIOTECA CASA DEI BIMBI,RMBE2 - BIBLIOTECA ALDO FABRIZI,4
0,8-8-2019,RMBM1 - BIBLIOTECA ARCIPELAGO AUDITORIUM,RMBQ2 - BIBLIOTECA RENATO NICOLINI,1
0,8-8-2020,RMBU1 - BIBLIOTECA FRANCO BASAGLIA,RMBWA - BIBLIOTECA FABRIZIO GIOVENALE,4
0,8-8-2021,RMBWA - BIBLIOTECA FABRIZIO GIOVENALE,RMBT1 - BIBLIOTECA VALLE AURELIA,1
0,8-9-2019,RMBH1 - BIBLIOTECA RUGANTINO,RMBB3 - BIBLIOTECA FLAMINIA,2
0,8-9-2020,RMBN2 - BIBLIOTECA LAURENTINA,RMBT1 - BIBLIOTECA VALLE AURELIA,7
0,8-9-2021,RMBO2 - BIBLIOTECA ELSA MORANTE,RMBH3 - COLLINA DELLA PACE,5
0,8-10-2019,RMBU1 - BIBLIOTECA FRANCO BASAGLIA,RMBN2 - BIBLIOTECA LAURENTINA,2
0,8-10-2020,RMBWG - B. COSTANZO LICEO GIULIO CESARE,RMBI1 - BIBLIOTECA NELSON MANDELA,4
0,8-10-2021,RMBQ2 - BIBLIOTECA RENATO NICOLINI,RMBA1 - BIBLIOTECA EUROPEA,9
0,8-11-2019,RMBF1 - BIBLIOTECA GOFFREDO MAMELI,RMBN1 - BIBLIOTECA PIER PAOLO PASOLINI,9
0,8-11-2020,RMBH1 - BIBLIOTECA RUGANTINO,RMBN1 - BIBLIOTECA PIER PAOLO PASOLINI,6
0,8-11-2021,RMBF1 - BIBLIOTECA GOFFREDO MAMELI,RMBL3 - BIBLIOTECA CASA DEI BIMBI,3
0,8-12-2019,RMBM1 - BIBLIOTECA ARCIPELAGO AUDITORIUM,RMBA3 - BIBLIOTECA ENZO TORTORA,3
0,8-12-2020,RMBU2 - BIBLIOTECA CASA DEL PARCO,RMBH3 - COLLINA DELLA PACE,8
0,8-12-2021,RMBL3 - BIBLIOTECA CASA DEI BIMBI,RMBF2 - BIBLIOTECA PENAZZATO,5
0,9-1-2019,RMBE2 - BIBLIOTECA ALDO FABRIZI,RMBO2 - BIBLIOTECA ELSA MORANTE,6
0,9-1-2020,RMBT2 - BIBLIOTECA CORNELIA,RMBE2 - BIBLIOTECA ALDO FABRIZI,6
0,9-1-2021,RMBO2 - BIBLIOTECA ELSA MORANTE,RMBN1 - BIBLIOTECA PIER PAOLO PASOLINI,1
0,9-2-2019,RMBC1 - BIBLIOTECA TULLIO DE MAURO,RMBWG - B. COSTANZO LICEO GIULIO CESARE,4
0,9-2-2020,RMBE2 - BIBLIOTECA ALDO FABRIZI,RMBD1 - BIBLIOTECA ENNIO FLAIANO,5
0,9-2-2021,RMBF2 - BIBLIOTECA PENAZZATO,RMBU2 - BIBLIOTECA CASA DEL PARCO,2
0,9-3-2019,RMBQ1 - BIBLIOTECA GUGLIELMO MARCONI,RMBWA - BIBLIOTECA FABRIZIO GIOVENALE,6
0,9-3-2020,RMBH3 - COLLINA DELLA PACE,RMBF2 - BIBLIOTECA PENAZZATO,3
0,9-3-2021,RMBH1 - BIBLIOTECA RUGANTINO,RMBO2 - BIBLIOTECA ELSA MORANTE,5
0,9-4-2019,RMBB3 - BIBLIOTECA FLAMINIA,RMBA1 - BIBLIOTECA EUROPEA,7
0,9-4-2020,RMBQ1 - BIBLIOTECA GUGLIELMO MARCONI,RMBN1 - BIBLIOTECA PIER PAOLO PASOLINI,4
0,9-4-2021,RMBD1 - BIBLIOTECA ENNIO FLAIANO,RMBWA - BIBLIOTECA FABRIZIO GIOVENALE,6
0,9-5-2019,RMBU1 - BIBLIOTECA FRANCO BASAGLIA,RMBI1 - BIBLIOTECA NELSON MANDELA,8
0,9-5-2020,RMBQ3 - BIBLIOPORTO,RMBR1 - BIBLIOTECA COLLI PORTUENSI,2
0,9-5-2021,RMBWA - BIBLIOTECA FABRIZIO GIOVENALE,RMBE2 - BIBLIOTECA ALDO FABRIZI,3
0,9-6-2019,RMBWA - BIBLIOTECA FABRIZIO GIOVENALE,RMBH3 - COLLINA DELLA PACE,1
0,9-6-2020,RMBT2 - BIBLIOTECA CORNELIA,RMBE2 - BIBLIOTECA ALDO FABRIZI,2
0,9-6-2021,RMBN2 - BIBLIOTECA LAURENTINA,RMBF2 - BIBLIOTECA PENAZZATO,3
0,9-7-2019,RMBWA - BIBLIOTECA FABRIZIO GIOVENALE,RMBC1 - BIBLIOTECA TULLIO DE MAURO,1
0,9-7-2020,RMBN2 - BIBLIOTECA LAURENTINA,RMBL3 - BIBLIOTECA CASA DEI BIMBI,6
0,9-7-2021,RMBH3 - COLLINA DELLA PACE,RMBH2 - BIBLIOTECA BORGHESIANA,7
0,9-8-2019,RMBR1 - BIBLIOTECA COLLI PORTUENSI,RMBH1 - BIBLIOTECA RUGANTINO,4
0,9-8-2020,RMBE2 - BIBLIOTECA ALDO FABRIZI,RMBG1 - BIBLIOTECA GIANNI RODARI,3
0,9-8-2021,RMBH2 - BIBLIOTECA BORGHESIANA,RMBT2 - BIBLIOTECA CORNELIA,9
0,9-9-2019,RMBO2 - BIBLIOTECA ELSA MORANTE,RMBQ2 - BIBLIOTECA RENATO NICOLINI,9
0,9-9-2020,RMBH2 - BIBLIOTECA BORGHESIANA,RMBN2 - BIBLIOTECA LAURENTINA,3
0,9-9-2021,RMBH2 - BIBLIOTECA BORGHESIANA,RMBH3 - COLLINA DELLA PACE,4
0,9-10-2019,RMBU2 - BIBLIOTECA CASA DEL PARCO,RMBG1 - BIBLIOTECA GIANNI RODARI,5
0,9-10-2020,RMBA3 - BIBLIOTECA ENZO TORTORA,RMBC1 - BIBLIOTECA TULLIO DE MAURO,2
0,9-10-2021,RMBH1 - BIBLIOTECA RUGANTINO,RMBA3 - BIBLIOTECA ENZO TORTORA,5
0,9-11-2019,RMBH1 - BIBLIOTECA RUGANTINO,RMBB1 - BIBLIOTECA VILLA LEOPARDI,9
0,9-11-2020,RMBQ1 - BIBLIOTECA GUGLIELMO MARCONI,RMBH1 - BIBLIOTECA RUGANTINO,2
0,9-11-2021,RMBE2 - BIBLIOTECA ALDO FABRIZI,RMBR1 - BIBLIOTECA COLLI PORTUENSI,1
0,9-12-2019,RMBL3 - BIBLIOTECA CASA DEI BIMBI,RMBG1 - BIBLIOTECA GIANNI RODARI,5
0,9-12-2020,RMBO2 - BIBLIOTECA ELSA MORANTE,RMBE1 - BIBLIOTECA VACCHERIA NARDI,3
0,9-12-2021,RMBD1 - BIBLIOTECA ENNIO FLAIANO,RMBQ2 - BIBLIOTECA RENATO NICOLINI,9
0,10-1-2019,RMBH1 - BIBLIOTECA RUGANTINO,RMBQ1 - BIBLIOTECA GUGLIELMO MARCONI,7
0,10-1-2020,RMBF1 - BIBLIOTECA GOFFREDO MAMELI,RMBA3 - BIBLIOTECA ENZO TORTORA,8
0,10-1-2021,RMBO1 - BIBLIOTECA SANDRO ONOFRI,RMBG1 - BIBLIOTECA GIANNI RODARI,6
0,10-2-2019,RMBI1 - BIBLIOTECA NELSON MANDELA,RMBQ1 - BIBLIOTECA GUGLIELMO MARCONI,1
0,10-2-2020,RMBG1 - BIBLIOTECA GIANNI RODARI,RMBO1 - BIBLIOTECA SANDRO ONOFRI,4
0,10-2-2021,RMBQ2 - BIBLIOTECA RENATO NICOLINI,RMBB3 - BIBLIOTECA FLAMINIA,6
0,10-3-2019,RMBN1 - BIBLIOTECA PIER PAOLO PASOLINI,RMBB1 - BIBLIOTECA VILLA LEOPARDI,5
0,10-3-2020,RMBWG - B. COSTANZO LICEO GIULIO CESARE,RMBA1 - BIBLIOTECA EUROPEA,6
0,10-3-2021,RMBH1 - BIBLIOTECA RUGANTINO,RMBB1 - BIBLIOTECA VILLA LEOPARDI,7
0,10-4-2019,RMBU1 - BIBLIOTECA FRANCO BASAGLIA,RMBL3 - BIBLIOTECA CASA DEI BIMBI,4
0,10-4-2020,RMBQ1 - BIBLIOTECA GUGLIELMO MARCONI,RMBL1 - BIBLIOTECA RAFFAELLO,5
0,10-4-2021,RMBL3 - BIBLIOTECA CASA DEI BIMBI,RMBH1 - BIBLIOTECA RUGANTINO,1
0,10-5-2019,RMBB3 - BIBLIOTECA FLAMINIA,RMBA1 - BIBLIOTECA EUROPEA,7
0,10-5-2020,RMBU1 - BIBLIOTECA FRANCO BASAGLIA,RMBA3 - BIBLIOTECA ENZO TORTORA,1
0,10-5-2021,RMBB1 - BIBLIOTECA VILLA LEOPARDI,RMBL3 - BIBLIOTECA CASA DEI BIMBI,1
0,10-6-2019,RMBE1 - BIBLIOTECA VACCHERIA NARDI,RMBQ1 - BIBLIOTECA GUGLIELMO MARCONI,9
0,10-6-2020,RMBF1 - BIBLIOTECA GOFFREDO MAMELI,RMBH1 - BIBLIOTECA RUGANTINO,6
0,10-6-2021,RMBB3 - BIBLIOTECA FLAMINIA,RMBO2 - BIBLIOTECA ELSA MORANTE,3
0,10-7-2019,RMBH1 - BIBLIOTECA RUGANTINO,RMBO2 - BIBLIOTECA ELSA MORANTE,5
0,10-7-2020,RMBWA - BIBLIOTECA FABRIZIO GIOVENALE,RMBU2 - BIBLIOTECA CASA DEL PARCO,8
0,10-7-2021,RMBM1 - BIBLIOTECA ARCIPELAGO AUDITORIUM,RMBT1 - BIBLIOTECA VALLE AURELIA,8
0,10-8-2019,RMBN1 - BIBLIOTECA PIER PAOLO PASOLINI,RMBA3 - BIBLIOTECA ENZO TORTORA,6
0,10-8-2020,RMBB1 - BIBLIOTECA VILLA LEOPARDI,RMBU2 - BIBLIOTECA CASA DEL PARCO,5
0,10-8-2021,RMBF2 - BIBLIOTECA PENAZZATO,RMBH1 - BIBLIOTECA RUGANTINO,2
0,10-9-2019,RMBF1 - BIBLIOTECA GOFFREDO MAMELI,RMBH2 - BIBLIOTECA BORGHESIANA,8
0,10-9-2020,RMBO2 - BIBLIOTECA ELSA MORANTE,RMBE2 - BIBLIOTECA ALDO FABRIZI,9
0,10-9-2021,RMBS1 - BIBLIOTECA GIORDANO BRUNO,RMBE1 - BIBLIOTECA VACCHERIA NARDI,8
0,10-10-2019,RMBL1 - BIBLIOTECA RAFFAELLO,RMBM1 - BIBLIOTECA ARCIPELAGO AUDITORIUM,2
0,10-10-2020,RMBM1 - BIBLIOTECA ARCIPELAGO AUDITORIUM,RMBH3 - COLLINA DELLA PACE,2
0,10-10-2021,RMBWA - BIBLIOTECA FABRIZIO GIOVENALE,RMBH2 - BIBLIOTECA BORGHESIANA,8
0,10-11-2019,RMBH1 - BIBLIOTECA RUGANTINO,RMBU2 - BIBLIOTECA CASA DEL PARCO,7
0,10-11-2020,RMBF2 - BIBLIOTECA PENAZZATO,RMBR1 - BIBLIOTECA COLLI PORTUENSI,3
0,10-11-2021,RMBI1 - BIBLIOTECA NELSON MANDELA,RMBT2 - BIBLIOTECA CORNELIA,4
0,10-12-2019,RMBL3 - BIBLIOTECA CASA DEI BIMBI,RMBU1 - BIBLIOTECA FRANCO BASAGLIA,4
0,10-12-2020,RMBQ3 - BIBLIOPORTO,RMBA1 - BIBLIOTECA EUROPEA,7
0,10-12-2021,RMBQ1 - BIBLIOTECA GUGLIELMO MARCONI,RMBF2 - BIBLIOTECA PENAZZATO,3
0,11-1-2019,RMBI1 - BIBLIOTECA NELSON MANDELA,RMBN1 - BIBLIOTECA PIER PAOLO PASOLINI,8
0,11-1-2020,RMBA3 - BIBLIOTECA ENZO TORTORA,RMBU2 - BIBLIOTECA CASA DEL PARCO,5
0,11-1-2021,RMBL3 - BIBLIOTECA CASA DEI BIMBI,RMBS1 - BIBLIOTECA GIORDANO BRUNO,5
0,11-2-2019,RMBA1 - BIBLIOTECA EUROPEA,RMBS1 - BIBLIOTECA GIORDANO BRUNO,9
0,11-2-2020,RMBWA - BIBLIOTECA FABRIZIO GIOVENALE,RMBG1 - BIBLIOTECA GIANNI RODARI,2
0,11-2-2021,RMBO2 - BIBLIOTECA ELSA MORANTE,RMBH1 - BIBLIOTECA RUGANTINO,8
0,11-3-2019,RMBL1 - BIBLIOTECA RAFFAELLO,RMBM1 - BIBLIOTECA ARCIPELAGO AUDITORIUM,6
0,11-3-2020,RMBG1 - BIBLIOTECA GIANNI RODARI,RMBL1 - BIBLIOTECA RAFFAELLO,8
0,11-3-2021,RMBD1 - BIBLIOTECA ENNIO FLAIANO,RMBG1 - BIBLIOTECA GIANNI RODARI,7
0,11-4-2019,RMBT1 - BIBLIOTECA VALLE AURELIA,RMBU1 - BIBLIOTECA FRANCO BASAGLIA,2
0,11-4-2020,RMBA3 - BIBLIOTECA ENZO TORTORA,RMBG1 - BIBLIOTECA GIANNI RODARI,4
0,11-4-2021,RMBT1 - BIBLIOTECA VALLE AURELIA,RMBA1 - BIBLIOTECA EUROPEA,7
0,11-5-2019,RMBR1 - BIBLIOTECA COLLI PORTUENSI,RMBO2 - BIBLIOTECA ELSA MORANTE,7
0,11-5-2020,RMBH1 - BIBLIOTECA RUGANTINO,RMBO2 - BIBLIOTECA ELSA MORANTE,3
0,11-5-2021,RMBE1 - BIBLIOTECA VACCHERIA NARDI,RMBU1 - BIBLIOTECA FRANCO BASAGLIA,5
0,11-6-2019,RMBL3 - BIBLIOTECA CASA DEI BIMBI,RMBWA - BIBLIOTECA FABRIZIO GIOVENALE,8
0,11-6-2020,RMBB1 - BIBLIOTECA VILLA LEOPARDI,RMBS1 - BIBLIOTECA GIORDANO BRUNO,9
0,11-6-2021,RMBL1 - BIBLIOTECA RAFFAELLO,RMBH3 - COLLINA DELLA PACE,7
0,11-7-2019,RMBL1 - BIBLIOTECA RAFFAELLO,RMBU1 - BIBLIOTECA FRANCO BASAGLIA,9
0,11-7-2020,RMBI1 - BIBLIOTECA NELSON MANDELA,RMBQ2 - BIBLIOTECA RENATO NICOLINI,4
0,11-7-2021,RMBQ2 - BIBLIOTECA RENATO NICOLINI,RMBN1 - BIBLIOTECA PIER PAOLO PASOLINI,9
0,11-8-2019,RMBL1 - BIBLIOTECA RAFFAELLO,RMBE2 - BIBLIOTECA ALDO FABRIZI,9
0,11-8-2020,RMBT2 - BIBLIOTECA CORNELIA,RMBU2 - BIBLIOTECA CASA DEL PARCO,5
0,11-8-2021,RMBG1 - BIBLIOTECA GIANNI RODARI,RMBQ1 - BIBLIOTECA GUGLIELMO MARCONI,4
0,11-9-2019,RMBE1 - BIBLIOTECA VACCHERIA NARDI,RMBE2 - BIBLIOTECA ALDO FABRIZI,9
0,11-9-2020,RMBQ3 - BIBLIOPORTO,RMBH3 - COLLINA DELLA PACE,7
0,11-9-2021,RMBD1 - BIBLIOTECA ENNIO FLAIANO,RMBE2 - BIBLIOTECA ALDO FABRIZI,6
0,11-10-2019,RMBL3 - BIBLIOTECA CASA DEI BIMBI,RMBB1 - BIBLIOTECA VILLA LEOPARDI,8
0,11-10-2020,RMBM1 - BIBLIOTECA ARCIPELAGO AUDITORIUM,RMBWA - BIBLIOTECA FABRIZIO GIOVENALE,2
0,11-10-2021,RMBO1 - BIBLIOTECA SANDRO ONOFRI,RMBWA - BIBLIOTECA FABRIZIO GIOVENALE,8
0,11-11-2019,RMBM1 - BIBLIOTECA ARCIPELAGO AUDITORIUM,RMBU2 - BIBLIOTECA CASA DEL PARCO,5
0,11-11-2020,RMBF2 - BIBLIOTECA PENAZZATO,RMBQ3 - BIBLIOPORTO,6
0,11-11-2021,RMBQ3 - BIBLIOPORTO,RMBD1 - BIBLIOTECA ENNIO FLAIANO,9
0,11-12-2019,RMBU1 - BIBLIOTECA FRANCO BASAGLIA,RMBL1 - BIBLIOTECA RAFFAELLO,6
0,11-12-2020,RMBE1 - BIBLIOTECA VACCHERIA NARDI,RMBH3 - COLLINA DELLA PACE,4
0,11-12-2021,RMBWG - B. COSTANZO LICEO GIULIO CESARE,RMBF1 - BIBLIOTECA GOFFREDO MAMELI,4
0,12-1-2019,RMBO2 - BIBLIOTECA ELSA MORANTE,RMBH1 - BIBLIOTECA RUGANTINO,8
0,12-1-2020,RMBO1 - BIBLIOTECA SANDRO ONOFRI,RMBB1 - BIBLIOTECA VILLA LEOPARDI,5
0,12-1-2021,RMBU2 - BIBLIOTECA CASA DEL PARCO,RMBT1 - BIBLIOTECA VALLE AURELIA,6
0,12-2-2019,RMBC1 - BIBLIOTECA TULLIO DE MAURO,RMBF1 - BIBLIOTECA GOFFREDO MAMELI,4
0,12-2-2020,RMBC1 - BIBLIOTECA TULLIO DE MAURO,RMBN1 - BIBLIOTECA PIER PAOLO PASOLINI,5
0,12-2-2021,RMBF1 - BIBLIOTECA GOFFREDO MAMELI,RMBU1 - BIBLIOTECA FRANCO BASAGLIA,5
0,12-3-2019,RMBE1 - BIBLIOTECA VACCHERIA NARDI,RMBC1 - BIBLIOTECA TULLIO DE MAURO,4
0,12-3-2020,RMBB1 - BIBLIOTECA VILLA LEOPARDI,RMBS1 - BIBLIOTECA GIORDANO BRUNO,6
0,12-3-2021,RMBA1 - BIBLIOTECA EUROPEA,RMBF2 - BIBLIOTECA PENAZZATO,6
0,12-4-2019,RMBS1 - BIBLIOTECA GIORDANO BRUNO,RMBWA - BIBLIOTECA FABRIZIO GIOVENALE,6
0,12-4-2020,RMBH3 - COLLINA DELLA PACE,RMBL1 - BIBLIOTECA RAFFAELLO,4
0,12-4-2021,RMBD1 - BIBLIOTECA ENNIO FLAIANO,RMBH3 - COLLINA DELLA PACE,3
0,12-5-2019,RMBM1 - BIBLIOTECA ARCIPELAGO AUDITORIUM,RMBE1 - BIBLIOTECA VACCHERIA NARDI,1
0,12-5-2020,RMBU2 - BIBLIOTECA CASA DEL PARCO,RMBQ2 - BIBLIOTECA RENATO NICOLINI,1
0,12-5-2021,RMBF2 - BIBLIOTECA PENAZZATO,RMBE2 - BIBLIOTECA ALDO FABRIZI,3
0,12-6-2019,RMBR1 - BIBLIOTECA COLLI PORTUENSI,RMBL1 - BIBLIOTECA RAFFAELLO,4
0,12-6-2020,RMBWA - BIBLIOTECA FABRIZIO GIOVENALE,RMBO2 - BIBLIOTECA ELSA MORANTE,6
0,12-6-2021,RMBF2 - BIBLIOTECA PENAZZATO,RMBG1 - BIBLIOTECA GIANNI RODARI,1
0,12-7-2019,RMBH1 - BIBLIOTECA RUGANTINO,RMBI1 - BIBLIOTECA NELSON MANDELA,3
0,12-7-2020,RMBD1 - BIBLIOTECA ENNIO FLAIANO,RMBWA - BIBLIOTECA FABRIZIO GIOVENALE,6
0,12-7-2021,RMBB1 - BIBLIOTECA VILLA LEOPARDI,RMBT1 - BIBLIOTECA VALLE AURELIA,6
0,12-8-2019,RMBL3 - BIBLIOTECA CASA DEI BIMBI,RMBS1 - BIBLIOTECA GIORDANO BRUNO,8
0,12-8-2020,RMBO1 - BIBLIOTECA SANDRO ONOFRI,RMBH1 - BIBLIOTECA RUGANTINO,6
0,12-8-2021,RMBA1 - BIBLIOTECA EUROPEA,RMBN2 - BIBLIOTECA LAURENTINA,5
0,12-9-2019,RMBC1 - BIBLIOTECA TULLIO DE MAURO,RMBN2 - BIBLIOTECA LAURENTINA,4
0,12-9-2020,RMBQ3 - BIBLIOPORTO,RMBH1 - BIBLIOTECA RUGANTINO,1
0,12-9-2021,RMBU2 - BIBLIOTECA CASA DEL PARCO,RMBS1 - BIBLIOTECA GIORDANO BRUNO,9
0,12-10-2019,RMBL1 - BIBLIOTECA RAFFAELLO,RMBC1 - BIBLIOTECA TULLIO DE MAURO,7
0,12-10-2020,RMBO2 - BIBLIOTECA ELSA MORANTE,RMBU2 - BIBLIOTECA CASA DEL PARCO,8
0,12-10-2021,RMBQ3 - BIBLIOPORTO,RMBH3 - COLLINA DELLA PACE,5
0,12-11-2019,RMBA3 - BIBLIOTECA ENZO TORTORA,RMBG1 - BIBLIOTECA GIANNI RODARI,6
0,12-11-2020,RMBF2 - BIBLIOTECA PENAZZATO,RMBN2 - BIBLIOTECA LAURENTINA,3
0,12-11-2021,RMBH1 - BIBLIOTECA RUGANTINO,RMBN1 - BIBLIOTECA PIER PAOLO PASOLINI,9
0,12-12-2019,RMBO1 - BIBLIOTECA SANDRO ONOFRI,RMBH1 - BIBLIOTECA RUGANTINO,7
0,12-12-2020,RMBF2 - BIBLIOTECA PENAZZATO,RMBN1 - BIBLIOTECA PIER PAOLO PASOLINI,1
0,12-12-2021,RMBB3 - BIBLIOTECA FLAMINIA,RMBI1 - BIBLIOTECA NELSON MANDELA,1
0,13-1-2019,RMBA1 - BIBLIOTECA EUROPEA,RMBH2 - BIBLIOTECA BORGHESIANA,8
0,13-1-2020,RMBO2 - BIBLIOTECA ELSA MORANTE,RMBA3 - BIBLIOTECA ENZO TORTORA,2
0,13-1-2021,RMBQ3 - BIBLIOPORTO,RMBH3 - COLLINA DELLA PACE,2
0,13-2-2019,RMBU2 - BIBLIOTECA CASA DEL PARCO,RMBH1 - BIBLIOTECA RUGANTINO,7
0,13-2-2020,RMBO1 - BIBLIOTECA SANDRO ONOFRI,RMBI1 - BIBLIOTECA NELSON MANDELA,2
0,13-2-2021,RMBF1 - BIBLIOTECA GOFFREDO MAMELI,RMBL1 - BIBLIOTECA RAFFAELLO,8
0,13-3-2019,RMBI1 - BIBLIOTECA NELSON MANDELA,RMBWG - B. COSTANZO LICEO GIULIO CESARE,3
0,13-3-2020,RMBS1 - BIBLIOTECA GIORDANO BRUNO,RMBO2 - BIBLIOTECA ELSA MORANTE,8
0,13-3-2021,RMBN2 - BIBLIOTECA LAURENTINA,RMBL1 - BIBLIOTECA RAFFAELLO,2
0,13-4-2019,RMBWA - BIBLIOTECA FABRIZIO GIOVENALE,RMBT1 - BIBLIOTECA VALLE AURELIA,4
0,13-4-2020,RMBWG - B. COSTANZO LICEO GIULIO CESARE,RMBL3 - BIBLIOTECA CASA DEI BIMBI,9
0,13-4-2021,RMBT1 - BIBLIOTECA VALLE AURELIA,RMBB1 - BIBLIOTECA VILLA LEOPARDI,1
0,13-5-2019,RMBN1 - BIBLIOTECA PIER PAOLO PASOLINI,RMBG1 - BIBLIOTECA GIANNI RODARI,8
0,13-5-2020,RMBC1 - BIBLIOTECA TULLIO DE MAURO,RMBQ3 - BIBLIOPORTO,9
0,13-5-2021,RMBR1 - BIBLIOTECA COLLI PORTUENSI,RMBD1 - BIBLIOTECA ENNIO FLAIANO,7
0,13-6-2019,RMBU1 - BIBLIOTECA FRANCO BASAGLIA,RMBQ1 - BIBLIOTECA GUGLIELMO MARCONI,1
0,13-6-2020,RMBH3 - COLLINA DELLA PACE,RMBR1 - BIBLIOTECA COLLI PORTUENSI,8
0,13-6-2021,RMBI1 - BIBLIOTECA NELSON MANDELA,RMBO2 - BIBLIOTECA ELSA MORANTE,5
0,13-7-2019,RMBT1 - BIBLIOTECA VALLE AURELIA,RMBH3 - COLLINA DELLA PACE,4
0,13-7-2020,RMBH1 - BIBLIOTECA RUGANTINO,RMBWA - BIBLIOTECA FABRIZIO GIOVENALE,6
0,13-7-2021,RMBU2 - BIBLIOTECA CASA DEL PARCO,RMBA3 - BIBLIOTECA ENZO TORTORA,9
0,13-8-2019,RMBU2 - BIBLIOTECA CASA DEL PARCO,RMBT1 - BIBLIOTECA VALLE AURELIA,8
0,13-8-2020,RMBA1 - BIBLIOTECA EUROPEA,RMBWG - B. COSTANZO LICEO GIULIO CESARE,3
0,13-8-2021,RMBO2 - BIBLIOTECA ELSA MORANTE,RMBH1 - BIBLIOTECA RUGANTINO,5
0,13-9-2019,RMBR1 - BIBLIOTECA COLLI PORTUENSI,RMBF1 - BIBLIOTECA GOFFREDO MAMELI,6
0,13-9-2020,RMBT2 - BIBLIOTECA CORNELIA,RMBD1 - BIBLIOTECA ENNIO FLAIANO,5
0,13-9-2021,RMBU1 - BIBLIOTECA FRANCO BASAGLIA,RMBL1 - BIBLIOTECA RAFFAELLO,3
0,13-10-2019,RMBWA - BIBLIOTECA FABRIZIO GIOVENALE,RMBM1 - BIBLIOTECA ARCIPELAGO AUDITORIUM,3
0,13-10-2020,RMBE1 - BIBLIOTECA VACCHERIA NARDI,RMBL1 - BIBLIOTECA RAFFAELLO,1
0,13-10-2021,RMBB3 - BIBLIOTECA FLAMINIA,RMBD1 - BIBLIOTECA ENNIO FLAIANO,6
0,13-11-2019,RMBF1 - BIBLIOTECA GOFFREDO MAMELI,RMBWA - BIBLIOTECA FABRIZIO GIOVENALE,6
0,13-11-2020,RMBI1 - BIBLIOTECA NELSON MANDELA,RMBR1 - BIBLIOTECA COLLI PORTUENSI,3
0,13-11-2021,RMBU2 - BIBLIOTECA CASA DEL PARCO,RMBD1 - BIBLIOTECA ENNIO FLAIANO,7
0,13-12-2019,RMBN1 - BIBLIOTECA PIER PAOLO PASOLINI,RMBR1 - BIBLIOTECA COLLI PORTUENSI,6
0,13-12-2020,RMBI1 - BIBLIOTECA NELSON MANDELA,RMBA3 - BIBLIOTECA ENZO TORTORA,8
0,13-12-2021,RMBT1 - BIBLIOTECA VALLE AURELIA,RMBL1 - BIBLIOTECA RAFFAELLO,9
0,14-1-2019,RMBL3 - BIBLIOTECA CASA DEI BIMBI,RMBB3 - BIBLIOTECA FLAMINIA,2
0,14-1-2020,RMBA3 - BIBLIOTECA ENZO TORTORA,RMBH2 - BIBLIOTECA BORGHESIANA,6
0,14-1-2021,RMBB3 - BIBLIOTECA FLAMINIA,RMBT2 - BIBLIOTECA CORNELIA,5
0,14-2-2019,RMBO1 - BIBLIOTECA SANDRO ONOFRI,RMBS1 - BIBLIOTECA GIORDANO BRUNO,7
0,14-2-2020,RMBA1 - BIBLIOTECA EUROPEA,RMBE1 - BIBLIOTECA VACCHERIA NARDI,5
0,14-2-2021,RMBWA - BIBLIOTECA FABRIZIO GIOVENALE,RMBA1 - BIBLIOTECA EUROPEA,4
0,14-3-2019,RMBS1 - BIBLIOTECA GIORDANO BRUNO,RMBB1 - BIBLIOTECA VILLA LEOPARDI,3
0,14-3-2020,RMBL1 - BIBLIOTECA RAFFAELLO,RMBB1 - BIBLIOTECA VILLA LEOPARDI,3
0,14-3-2021,RMBA3 - BIBLIOTECA ENZO TORTORA,RMBQ2 - BIBLIOTECA RENATO NICOLINI,6
0,14-4-2019,RMBE2 - BIBLIOTECA ALDO FABRIZI,RMBT2 - BIBLIOTECA CORNELIA,8
0,14-4-2020,RMBH2 - BIBLIOTECA BORGHESIANA,RMBC1 - BIBLIOTECA TULLIO DE MAURO,6
0,14-4-2021,RMBL1 - BIBLIOTECA RAFFAELLO,RMBI1 - BIBLIOTECA NELSON MANDELA,7
0,14-5-2019,RMBO1 - BIBLIOTECA SANDRO ONOFRI,RMBE1 - BIBLIOTECA VACCHERIA NARDI,3
0,14-5-2020,RMBM1 - BIBLIOTECA ARCIPELAGO AUDITORIUM,RMBH1 - BIBLIOTECA RUGANTINO,6
0,14-5-2021,RMBO1 - BIBLIOTECA SANDRO ONOFRI,RMBWA - BIBLIOTECA FABRIZIO GIOVENALE,2
0,14-6-2019,RMBH2 - BIBLIOTECA BORGHESIANA,RMBA1 - BIBLIOTECA EUROPEA,8
0,14-6-2020,RMBB3 - BIBLIOTECA FLAMINIA,RMBE2 - BIBLIOTECA ALDO FABRIZI,1
0,14-6-2021,RMBT1 - BIBLIOTECA VALLE AURELIA,RMBO1 - BIBLIOTECA SANDRO ONOFRI,3
0,14-7-2019,RMBT1 - BIBLIOTECA VALLE AURELIA,RMBO2 - BIBLIOTECA ELSA MORANTE,9
0,14-7-2020,RMBWA - BIBLIOTECA FABRIZIO GIOVENALE,RMBT1 - BIBLIOTECA VALLE AURELIA,1
0,14-7-2021,RMBQ1 - BIBLIOTECA GUGLIELMO MARCONI,RMBQ3 - BIBLIOPORTO,9
0,14-8-2019,RMBC1 - BIBLIOTECA TULLIO DE MAURO,RMBI1 - BIBLIOTECA NELSON MANDELA,7
0,14-8-2020,RMBQ2 - BIBLIOTECA RENATO NICOLINI,RMBU2 - BIBLIOTECA CASA DEL PARCO,1
0,14-8-2021,RMBE1 - BIBLIOTECA VACCHERIA NARDI,RMBO1 - BIBLIOTECA SANDRO ONOFRI,4
0,14-9-2019,RMBT2 - BIBLIOTECA CORNELIA,RMBQ3 - BIBLIOPORTO,3
0,14-9-2020,RMBWA - BIBLIOTECA FABRIZIO GIOVENALE,RMBQ2 - BIBLIOTECA RENATO NICOLINI,7
0,14-9-2021,RMBN1 - BIBLIOTECA PIER PAOLO PASOLINI,RMBH3 - COLLINA DELLA PACE,8
0,14-10-2019,RMBG1 - BIBLIOTECA GIANNI RODARI,RMBS1 - BIBLIOTECA GIORDANO BRUNO,1
0,14-10-2020,RMBU1 - BIBLIOTECA FRANCO BASAGLIA,RMBE1 - BIBLIOTECA VACCHERIA NARDI,6
0,14-10-2021,RMBA3 - BIBLIOTECA ENZO TORTORA,RMBF1 - BIBLIOTECA GOFFREDO MAMELI,7
0,14-11-2019,RMBF1 - BIBLIOTECA GOFFREDO MAMELI,RMBQ3 - BIBLIOPORTO,4
0,14-11-2020,RMBN2 - BIBLIOTECA LAURENTINA,RMBE1 - BIBLIOTECA VACCHERIA NARDI,7
0,14-11-2021,RMBE1 - BIBLIOTECA VACCHERIA NARDI,RMBN2 - BIBLIOTECA LAURENTINA,2
0,14-12-2019,RMBG1 - BIBLIOTECA GIANNI RODARI,RMBA3 - BIBLIOTECA ENZO TORTORA,1
0,14-12-2020,RMBN1 - BIBLIOTECA PIER PAOLO PASOLINI,RMBA1 - BIBLIOTECA EUROPEA,9
0,14-12-2021,RMBO2 - BIBLIOTECA ELSA MORANTE,RMBU1 - BIBLIOTECA FRANCO BASAGLIA,7
